QUANTIDADE,LOJA,ESTADO,PRODUTO,CATEGORIA,FAMILIA,DIA,MES,ANO
10,LOJA1,BA,P1,CAT1,F1,15,2,2000
30,LOJA1,BA,P2,CAT1,F1,15,2,2000
10,LOJA1,BA,P3,CAT1,F1,15,2,2000
10,LOJA2,BA,P1,CAT1,F1,15,2,2000
30,LOJA2,BA,P2,CAT1,F1,15,2,2000
10,LOJA2,BA,P3,CAT1,F1,15,2,2000
10,LOJA1,BA,P1,CAT1,F1,15,1,2000
30,LOJA1,BA,P2,CAT1,F1,15,1,2000
10,LOJA1,BA,P3,CAT1,F1,15,1,2000
30,LOJA2,BA,P2,CAT1,F1,15,1,2000
10,LOJA2,BA,P3,CAT1,F1,15,1,2000
10,LOJA1,BA,P1,CAT1,F1,15,2,1999
30,LOJA1,BA,P2,CAT1,F1,15,2,1999
10,LOJA1,BA,P1,CAT2,F1,15,2,1999
10,LOJA2,BA,P1,CAT1,F1,15,2,1999
30,LOJA2,BA,P2,CAT1,F1,15,2,1999
10,LOJA2,BA,P1,CAT2,F1,15,2,1999
10,LOJA1,BA,P1,CAT1,F1,15,1,1999
30,LOJA1,BA,P2,CAT1,F1,15,1,1999
10,LOJA1,BA,P3,CAT1,F1,15,1,1999
30,LOJA2,BA,P2,CAT1,F1,15,1,1999
10,LOJA2,BA,P3,CAT1,F1,15,1,1999
10,LOJA3,PB,P1,CAT1,F1,15,3,2000
30,LOJA3,PB,P2,CAT1,F1,15,3,2000
10,LOJA3,PB,P3,CAT1,F1,15,3,2000
10,LOJA3,PB,P1,CAT2,F1,15,3,2000
10,LOJA3,PB,P1,CAT1,F1,15,2,2000
30,LOJA3,PB,P2,CAT1,F1,15,2,2000
10,LOJA3,PB,P3,CAT1,F1,15,2,2000
10,LOJA3,PB,P1,CAT2,F1,15,2,2000
30,LOJA3,PB,P2,CAT1,F1,15,1,2000
10,LOJA3,PB,P3,CAT1,F1,15,1,2000
10,LOJA3,PB,P1,CAT1,F1,15,2,1999
30,LOJA3,PB,P2,CAT1,F1,15,2,1999
10,LOJA3,PB,P1,CAT2,F1,15,2,1999
30,LOJA3,PB,P2,CAT1,F1,15,1,1999
10,LOJA3,PB,P3,CAT1,F1,15,1,1999
